                  epoch,             train/loss,  metrics/accuracy_top1,  metrics/accuracy_top5,               val/loss,                 lr/pg0,                 lr/pg1,                 lr/pg2
                      1,                0.84617,                 0.8912,                 0.9984,                 1.6093,             0.00023794,             0.00023794,             0.00023794
                      2,                 0.3928,                 0.9136,                 0.9992,                 1.5801,              0.0003817,              0.0003817,              0.0003817
                      3,                0.33391,                 0.9188,                 0.9988,                  1.571,             0.00043122,             0.00043122,             0.00043122
                      4,                0.29417,                 0.9302,                 0.9993,                 1.5571,             0.00028988,             0.00028988,             0.00028988
                      5,                0.27564,                 0.9323,                 0.9995,                 1.5538,             0.00028988,             0.00028988,             0.00028988
